No,sub,bib,Title,Year,Journal,SimulationEngine,EvaluationMetrics,TestData,Location,Climate,Scale,Surrogate,SensitivityAnalysisType,SensitivityAnalysis,CalibrationApproach,AnalyticalTechniques,CalibrationMethod,Resolution,CalibrationPeriodMonths,Typology,ObservedOutput,ObservedInput,CalibrationParameter
5,1,martinez2019energy,Energy characterization of a PASLINK test cell with a gravel covered roof using a novel methodology: Sensitivity analysis and Bayesian calibration,2019,J. Build. Eng.,TRNSYS,rmse; cvrmse; cv,No,"Vitoria-Gasteiz,Spain",Cfb,Building,Gaussian process,Global,Screening_Morris,Automated,high; int; uq; sa,Bayesian,Sub-hourly,<1,testbed,Zone_DryBulbTemperature,Weather_DryBulbTemp; Weather_SolarRadiation; Weather_WindSpeed; InternalGains_Lumped; Zone_DryBulbTemp,Envelope_MaterialProperties; Envelope_CHTC
7,1,nagpal2019methodology,A methodology for auto-calibrating urban building energy models using surrogate modeling techniques,2019,J. Build. Perform. Simul.,EnergyPlus,gof,No,"Cambridge,USA",Dfa,Building,random forest; ann,No,No,Automated,audit; uq,Optimization,Monthly,12,residential,Building_Electricity; Building_Gas/Steam; Building_CoolingLoad/Energy,NA,Geometry_WWR; Envelope_InfiltrationRate; Envelope_MaterialProperties; InternalGains_OccupantDensity; InternalGains_OccupantSch; InternalGains_EPD; InternalGains_EquipmentSch; InternalGains_LPD; InternalGains_LightsSch; Zone_OutdoorAir; HotWater_Usage
7,2,nagpal2019methodology,A methodology for auto-calibrating urban building energy models using surrogate modeling techniques,2019,J. Build. Perform. Simul.,EnergyPlus,gof,No,"Cambridge,USA",Dfa,Building,random forest; ann,No,No,Automated,audit; uq,Optimization,Monthly,12,educational,Building_Electricity; Building_Gas/Steam; Building_CoolingLoad/Energy,NA,Geometry_WWR; Envelope_InfiltrationRate; Envelope_MaterialProperties; InternalGains_OccupantDensity; InternalGains_OccupantSch; InternalGains_EPD; InternalGains_EquipmentSch; InternalGains_LPD; InternalGains_LightsSch; Zone_OutdoorAir; HotWater_Usage
7,3,nagpal2019methodology,A methodology for auto-calibrating urban building energy models using surrogate modeling techniques,2019,J. Build. Perform. Simul.,EnergyPlus,gof,No,"Cambridge,USA",Dfa,Building,random forest; ann,No,No,Automated,audit; uq,Optimization,Monthly,12,lab,Building_Electricity; Building_Gas/Steam; Building_CoolingLoad/Energy,NA,Geometry_WWR; Envelope_InfiltrationRate; Envelope_MaterialProperties; InternalGains_OccupantDensity; InternalGains_OccupantSch; InternalGains_EPD; InternalGains_EquipmentSch; InternalGains_LPD; InternalGains_LightsSch; Zone_OutdoorAir
8,1,menberg2019influence,Influence of error terms in Bayesian calibration of energy system models,2019,J. Build. Perform. Simul.,TRNSYS,NA,No,"Cambridge,UK",Cfb,Component / System,Gaussian process,Global,Screening_Morris,Automated,high; uq; sa,Bayesian,Sub-hourly,24,educational,Component_HVACOutletTemperature,HVAC_FluidTemperature,HVAC_ComponentCapacity; HVAC_FluidFlowRate; HVAC_FluidSpecificHeatCapacity
10,1,tronchin2018linking,Linking design and operation performance analysis through model calibration: Parametric assessment on a Passive House building,2018,Energy,PHPP,mape; r2; nmbe; cvrmse,Yes,"Forli-Cesena,Italy",Cfa,Building,linear regression,No,No,Manual,sig; uq,Manual,Monthly,36,residential,Building_CoolingLoad/Energy; Building_HeatingLoad/Energy,Weather_DryBulbTemp; Weather_SolarRadiation,Envelope_MaterialProperties; Envelope_InfiltrationRate; InternalGains_OccupantDensity; InternalGains_OccupantSch; InternalGains_EPD; InternalGains_EquipmentSch; InternalGains_LPD; InternalGains_LightsSch; Zone_CoolingSetpoint; Zone_HeatingSetpoint; Zone_OutdoorAir; HotWater_Usage
11,1,li2018stepwise,"Stepwise calibration for residential building thermal performance model using hourly heat
consumption data",2018,Energy Build.,TRNSYS,cvrmse; nmbe,No,"Xian,China",BSk,Building,No,Global,Screening_Morris,Automated,base; high; sa,Optimization,Hourly,2.5,residential,Building_HeatingLoad/Energy,Weather_DryBulbTemp; Weather_SolarRadiation,Zone_OutdoorAir; InternalGains_OccupantDensity; InternalGains_EPD; InternalGains_LPD
11,2,li2018stepwise,"Stepwise calibration for residential building thermal performance model using hourly heat
consumption data",2018,Energy Build.,TRNSYS,cvrmse; nmbe,No,"Xian,China",BSk,Building,No,Global,Screening_Morris,Automated,base; high; sa,Optimization,Hourly,2.5,residential,Building_HeatingLoad/Energy,Weather_DryBulbTemp; Weather_SolarRadiation,Envelope_MaterialProperties; Envelope_InfiltrationRate
12,1,lim2018influences,Influences of energy data on Bayesian calibration of building energy model,2018,Appl. Energy,EnergyPlus,cvrmse,Yes,"Colorado,USA",BSk,Building,linear regression,Global,Regression_SRC; Metamodel_RandomForest,Automated,uq; sa,Bayesian,Monthly,12,office,Building_TotalLoad/Energy; Building_Electricity; Building_Gas/Steam,NA,Envelope_InfiltrationRate; InternalGains_OccupantDensity; InternalGains_EPD; InternalGains_LPD; Zone_CoolingSetpoint; Zone_HeatingSetpoint
15,1,kristensen2018hierarchical,Hierarchical calibration of archetypes for urban building energy modeling,2018,Energy Build.,RC,cvrmse; nmbe,Yes,"Aarhus,Denmark",Cfb,Urban,No,Global,Screening_Morris,Automated,uq; sa; parred,Bayesian,Hourly,2,residential,Building_HeatingLoad/Energy,Weather_DryBulbTemp; Weather_SolarRadiation,Geometry_Geometry; Envelope_MaterialProperties; Envelope_InfiltrationRate; Zone_OutdoorAir; InternalGains_OccupantDensity; Zone_HeatingSetpoint; HotWater_Usage
17,1,chong2018guidelines,Guidelines for the Bayesian calibration of building energy models,2018,Energy Build.,EnergyPlus,cvrmse; nmbe; r-hat,Yes,"Colorado,USA",BSk,Building,Gaussian process,Global,Screening_Morris,Automated,uq; sa,Bayesian,Monthly,18,site-entrance,Building_Electricity,Weather_DryBulbTemp; Weather_SolarRadiation; Weather_RelativeHumidity,Envelope_InfiltrationRate; InternalGains_OccupantDensity; InternalGains_EPD; InternalGains_LPD; Zone_CoolingSetpoint; HVAC_ComponentEfficiency
19,1,zekar2018development,Development and assessment of simplified building representations under the context of an urban energy model: Application to arid climate environment,2018,Energy Build.,EnergyPlus,rmse,No,"Abu Dhabi,UAE",BWh,Building,No,No,No,Automated,NA,Optimization,Hourly,12,residential,Building_CoolingLoad/Energy,NA,Envelope_InfiltrationRate; Envelope_MaterialProperties
21,1,qiu2018quick,A quick auto-calibration approach based on normative energy models,2018,Energy Build.,Normative,cvrmse; nmbe,No,"Shanghai,China",Cfa,Building,No,Global,Regression_SRC,Automated,sa,Optimization,Monthly,12,hotel,Building_Electricity; Building_Gas/Steam,NA,Geometry_WWR; Envelope_InfiltrationRate; InternalGains_OccupantDensity; InternalGains_LPD; Zone_OutdoorAir; Zone_HeatingSetpoint; Zone_CoolingSetpoint; HVAC_ComponentEfficiency; HVAC_ComponentNominalPower; HotWater_Usage
28,1,figueiredo2018comparison,Comparison between monitored and simulated data using evolutionary algorithms: Reducing the performance gap in dynamic building simulation,2018,J. Build. Eng.,EnergyPlus,rmse; gof,No,"Aveiro,Portugal",Csb,Building,No,No,No,Automated,base; high,Optimization,Hourly,5,mixed,Zone_DryBulbTemperature,Zone_RelativeHumidity; Weather_DryBulbTemp; Weather_SolarRadiation; Weather_RelativeHumidity; Weather_WindDirection; Weather_WindSpeed,Envelope_InfiltrationRate; Envelope_MaterialProperties; Zone_OutdoorAir
29,1,santos2018evaluating,Evaluating approaches for district-wide energy model calibration considering the Urban Heat Island effect,2018,Appl. Energy,EnergyPlus,cvrmse; nmbe,No,"Abu Dhabi,UAE",BWh,Urban,No,No,No,Automated,audit,Optimization,Monthly,12,mixed,Building_Electricity,Weather_DryBulbTemp; Weather_SolarRadiation; Weather_RelativeHumidity; Weather_WindDirection; Weather_WindSpeed,Envelope_MaterialProperties; Envelope_InfiltrationRate; InternalGains_LumpedDensity
31,1,lee2018improvements,Improvements to the customer baseline load (CBL) using standard energy consumption considering energy ef??iency and demand response,2018,Energy,EnergyPlus,cvrmse; nmbe,No,"Daejeon,South Korea",Dfa,Building,No,No,No,Manual,base; high,Manual,Hourly,<1,office,Zone_DryBulbTemperature,Weather_DryBulbTemp; Weather_SolarRadiation; Weather_DewPointTemperature; Weather_RelativeHumidity; Weather_WindDirection; Weather_WindSpeed,Envelope_MaterialProperties
31,2,lee2018improvements,Improvements to the customer baseline load (CBL) using standard energy consumption considering energy ef??iency and demand response,2018,Energy,EnergyPlus,cvrmse; nmbe,No,"Daejeon,South Korea",Dfa,Building,No,No,No,Manual,base; high,Manual,Hourly,1,office,Building_CoolingLoad/Energy,NA,HVAC_ComponentEfficiency; HVAC_ComponentPerformanceCurve
32,1,allesina2018calibration,A calibration methodology for building dynamic models based on data collected through survey and billings,2018,Energy Build.,EnergyPlus,rmse; SafetyAimedError,No,"Bologna,Italy",Cfa,Building,No,No,No,Manual,audit; sig,Manual,Monthly,6,retail,Building_HeatingLoad/Energy,Weather_DryBulbTemp,Envelope_InfiltrationRate; Zone_HeatingSetpoint
33,1,kim2018model,Model calibration of a variable refrigerant flow system with a dedicated outdoor air system: A case study,2018,Energy Build.,EnergyPlus,cvrmse; nmbe,No,"Oak Ridge,USA",Cfa,Building,No,No,No,Manual,high; sig,Manual,Hourly,<1,testbed,Building_CoolingLoad/Energy; Building_HeatingLoad/Energy,Weather_AMY; Envelope_InfiltrationRate; InternalGains_LightingElectricity; InternalGains_EquipmentElectricity,Envelope_MaterialProperties; InternalGains_LPD; InternalGains_LightsSch; InternalGains_EPD; InternalGains_EquipmentSch
33,2,kim2018model,Model calibration of a variable refrigerant flow system with a dedicated outdoor air system: A case study,2018,Energy Build.,EnergyPlus,cvrmse; nmbe,No,"Oak Ridge,USA",Cfa,Building,No,No,No,Manual,high; sig,Manual,Hourly,<1,testbed,Building_TotalLoad/Energy,HVAC_OutdoorAirTemperature,HVAC_ComponentEfficiency; HVAC_OperationSch;  HVAC_OutdoorAirSetpointTemperature
35,1,abdelalim2017data,Data visualization and analysis of energy flow on a multi-zone building scale,2017,Autom. Constr.,EnergyPlus,cvrmse; nmbe,No,"Ottawa,Canada",Dfb,Building,No,No,No,Automated,audit; evidence; high,Optimization,Hourly,<1,mixed,Building_Occupancy,Weather_AMY,InternalGains_OccupantSch
35,2,abdelalim2017data,Data visualization and analysis of energy flow on a multi-zone building scale,2017,Autom. Constr.,EnergyPlus,cvrmse; nmbe,No,"Ottawa,Canada",Dfb,Building,No,No,No,Automated,audit; evidence; high,Optimization,Hourly,<1,mixed,Building_LightingElectricity; Building_EquipmentElectricity,Weather_AMY; InternalGains_Occupancy,InternalGains_LPD; InternalGains_LightsSch; InternalGains_EPD; InternalGains_EquipmentSch;
35,3,abdelalim2017data,Data visualization and analysis of energy flow on a multi-zone building scale,2017,Autom. Constr.,EnergyPlus,cvrmse; nmbe,No,"Ottawa,Canada",Dfb,Building,No,No,No,Automated,audit; evidence; high,Optimization,Hourly,<1,mixed,Building_CoolingLoad/Energy; Building_HeatingLoad/Energy,Weather_AMY; InternalGains_Occupancy; InternalGains_LightingElectricity; InternalGains_EquipmentElectricity,Envelope_MaterialProperties; Envelope_InfiltrationRate; InternalGains_OccupantDensity; Zone_OutdoorAir; Site_GroundTemperature; Site_Albedo
36,1,bandera2017towards,Towards a New Generation of Building Envelope Calibration,2017,energies,EnergyPlus,cvrmse; nmbe; r2,No,"Pamplona,Spain",Cfb,Building,No,No,No,Automated,high,Optimization,Monthly,2,office,Zone_DryBulbTemperature,Envelope_InfiltrationRate; Weather_AMY,Envelope_MaterialProperties
38,1,lim2017comprehensive,Comprehensive evaluation of the influence of meta-models on Bayesian calibration,2017,Energy Build.,EnergyPlus,cvrmse,Yes,"Colorado,USA",BSk,Building,Gaussian process,Global,Regression_SRC; Metamodel_RandomForest,Automated,uq; sa,Bayesian,Monthly,12,office,Building_Electricity; Building_Gas/Steam,NA,InternalGains_OccupantDensity; InternalGains_LPD; InternalGains_EPD; Zone_CoolingSetpoint; Zone_HeatingSetpoint; Envelope_InfiltrationRate
39,1,andrade-cabrera2017ensemble,Ensemble Calibration of lumped parameter retrofit building models using Particle Swarm Optimization,2017,Energy Build.,RC,mae; mbe; cvrmse,Yes,"Dublin,Ireland",Cfb,Building,No,No,No,Automated,NA,Optimization,Hourly,6,residential,Zone_DryBulbTemperature,Weather_DryBulbTemp; Weather_SolarRadiation,Envelope_MaterialProperties
40,1,cerezo2017comparison,Comparison of four building archetype characterization methods in urban building energy modeling (UBEM): A residential case study in Kuwait City,2017,Energy Build.,EnergyPlus,ks; pe,No,"Kuwait City,Kuwait",BWh,Urban,No,No,No,Automated,uq; audit; parred,Bayesian,Annual,12,residential,Building_TotalLoad/Energy,Weather_DryBulbTemp; Weather_SolarRadiation; Weather_RelativeHumidity,InternalGains_OccupantDensity; InternalGains_LPD; InternalGains_EPD; Zone_CoolingSetpoint; HotWater_Usage
41,1,chong2017bayesian,Bayesian calibration of building energy models with large datasets,2017,Energy Build.,TRNSYS,cvrmse; nmbe; r-hat,Yes,"Singapore, Singapore; Pennsylvania,USA",Af; Dfb,Component / System,Gaussian process,Global,Screening_Morris,Automated,high; uq; sa,Bayesian,Hourly,4,educational,Component_HVACEnergy,HVAC_FluidTemperature; HVAC_FluidFlowRate; HVAC_FluidSetpointTemperature,HVAC_ComponentCapacity; HVAC_ComponentEfficiency
41,2,chong2017bayesian,Bayesian calibration of building energy models with large datasets,2017,Energy Build.,TRNSYS,cvrmse; nmbe; r-hat,Yes,"Singapore, Singapore; Pennsylvania,USA",Af; Dfb,Component / System,Gaussian process,Global,Screening_Morris,Automated,high; uq; sa,Bayesian,Hourly,3,educational,Building_CoolingLoad/Energy,HVAC_CoolingLoad; HVAC_FluidFlowRate,HVAC_ComponentCapacity; HVAC_ComponentEfficiency
48,1,cacabelos2017development,Development of a new multi-stage building energy model calibration methodology and validation in a public library,2017,Energy Build.,TRNSYS,cvrmse; nmbe,Yes,"Pontevedra,Spain",Csb,Component / System,No,No,No,Automated,base; high,Optimization,Sub-hourly,<1,library,Zone_DryBulbTemperature,NA,Envelope_InfiltrationRate; Envelope_MaterialProperties
48,2,cacabelos2017development,Development of a new multi-stage building energy model calibration methodology and validation in a public library,2017,Energy Build.,TRNSYS,cvrmse; nmbe,Yes,"Pontevedra,Spain",Csb,Component / System,No,No,No,Automated,base; high,Optimization,Sub-hourly,<1,library,NA,NA,InternalGains_LPD
48,3,cacabelos2017development,Development of a new multi-stage building energy model calibration methodology and validation in a public library,2017,Energy Build.,TRNSYS,cvrmse; nmbe,Yes,"Pontevedra,Spain",Csb,Component / System,No,No,No,Automated,base; high,Optimization,Sub-hourly,<1,library,Component_HVACOutletTemperature,NA,HVAC_FluidFlowRate
48,4,cacabelos2017development,Development of a new multi-stage building energy model calibration methodology and validation in a public library,2017,Energy Build.,TRNSYS,cvrmse; nmbe,Yes,"Pontevedra,Spain",Csb,Component / System,No,No,No,Automated,base; high,Optimization,Sub-hourly,<1,library,Zone_DryBulbTemperature; Component_HVACEnergy,NA,Envelope_InfiltrationRate; InternalGains_OccupantDensity; Zone_CoolingSetpoint; Zone_HeatingSetpoint
49,1,ascione2017energy,"Energy retrofit of educational buildings: Transient energy simualtions, model calibration and multi-objective optimization towards nearly zero-energy performance",2017,Energy Build.,EnergyPlus,cvrmse; nmbe,No,"Benevento,Italy",Csa,Building,No,No,No,Automated,audit,Optimization,Monthly,12,mixed,Building_Electricity; Building_HeatingLoad/Energy,NA,Envelope_MaterialProperties; Envelope_InfiltrationRate; Zone_CoolingSetpoint; Zone_HeatingSetpoint
50,1,ogando2017energy,Energy Modelling and Automated Calibrations of Ancient Building Simulations: A Case Study of a School in the Northwest of Spain,2017,energies,TRNSYS,cvrmse; nmbe,No,"Galicia,Spain",Csb,Building,No,No,No,Automated,audit; parred; high,Optimization,Hourly,2,educational,Zone_DryBulbTemperature,Envelope_MaterialProperties,Envelope_InfiltrationRate
51,1,mylona2017frozen,Frozen food retail: Measuring and modelling energy use and space environmental systems in an operational supermarket,2017,Energy Build.,EnergyPlus,cvrmse; nmbe,No,"London,UK",Cfb,Building,No,No,No,Manual,audit; high,Manual,Hourly,24,retail,Building_TotalLoad/Energy; Zone_DryBulbTemperature,Weather_DryBulbTemp; Weather_RelativeHumidity; Zone_DryBulbTemp,InternalGains_LPD; InternalGains_LightsSch; InternalGains_EPD; InternalGains_EquipmentSch; InternalGains_OccupantDensity; InternalGains_OccupantSch
53,1,elharidi2017energy,"Energy and indoor environmental performance of typical Egyptian offices: Survey, baseline model and uncertainties",2017,Energy Build.,EnergyPlus,cvrmse,No,"Alexandria,Egypt",BWh,Building,No,Local,Perturbation_OAT,Manual,audit; base; high; uq; sa,Manual,Monthly,12,office,Zone_CO2,Weather_DryBulbTemp; Weather_RelativeHumidity;,Envelope_InfiltrationRate
53,2,elharidi2017energy,"Energy and indoor environmental performance of typical Egyptian offices: Survey, baseline model and uncertainties",2017,Energy Build.,EnergyPlus,cvrmse,No,"Alexandria,Egypt",BWh,Building,No,Local,Perturbation_OAT,Manual,audit; base; high; uq; sa,Manual,Hourly,12,office,Building_EquipmentElectricity;,Weather_DryBulbTemp; Weather_RelativeHumidity;,InternalGains_EPD; InternalGains_EquipmentSch
53,3,elharidi2017energy,"Energy and indoor environmental performance of typical Egyptian offices: Survey, baseline model and uncertainties",2017,Energy Build.,EnergyPlus,cvrmse,No,"Alexandria,Egypt",BWh,Building,No,Local,Perturbation_OAT,Manual,audit; base; high; uq; sa,Manual,Monthly,12,office,Building_LightingElectricity,Weather_DryBulbTemp; Weather_RelativeHumidity; InternalGains_EquipmentElectricity,InternalGains_LPD; InternalGains_LightsSch
53,4,elharidi2017energy,"Energy and indoor environmental performance of typical Egyptian offices: Survey, baseline model and uncertainties",2017,Energy Build.,EnergyPlus,cvrmse,No,"Alexandria,Egypt",BWh,Building,No,Local,Perturbation_OAT,Manual,audit; base; high; uq; sa,Manual,Hourly,12,office,Zone_DryBulbTemperature,Weather_DryBulbTemp; Weather_RelativeHumidity; InternalGains_EquipmentElectricity; InternalGains_LightingElectricity,Zone_CoolingSetpoint; Zone_HeatingSetpoint
53,5,elharidi2017energy,"Energy and indoor environmental performance of typical Egyptian offices: Survey, baseline model and uncertainties",2017,Energy Build.,EnergyPlus,cvrmse,No,"Alexandria,Egypt",BWh,Building,No,Local,Perturbation_OAT,Manual,audit; base; high; uq; sa,Manual,Hourly,12,office,System_HVACElectricity,Weather_DryBulbTemp; Weather_RelativeHumidity; InternalGains_EquipmentElectricity; InternalGains_LightingElectricity,HVAC_ComponentEfficiency
54,1,yun2017development,Development of an automatic calibration method of a VRF energy model for the design of energy efficient buildings,2017,Energy Build.,EnergyPlus,nmbe; t-test,No,"Daejeon,South Korea",Dfa,Building,No,No,No,Automated,uq,Sampling,Weekly,2,office,System_HVACElectricity,NA,Envelope_InfiltrationRate; InternalGains_OccupantDensity; InternalGains_OccupantSch; InternalGains_EPD; InternalGains_EquipmentSch; InternalGains_LPD; InternalGains_LightsSch; Zone_CoolingSetpoint; Zone_HeatingSetpoint;  Zone_OutdoorAir; HVAC_OperationSch
55,1,mihai2017bottom,Bottom-up evidence-based calibration of the HVAC air-side loop of a building energy model,2016,J. Build. Perform. Simul.,DOE-2,cvrmse; nmbe; t-test,No,"Montreal,Canada",Dfa,Building,No,Local,Perturbation_OAT,Manual,high; parred; evidence; sa,Manual,Hourly,3,office,Zone_SupplyAirFlowRate; Zone_DryBulbTemperature; Zone_CoolingLoad,Zone_SupplyAirFlowRate; Zone_DryBulbTemp,InternalGains_LPD; InternalGains_LightsSch; InternalGains_EPD; InternalGains_EquipmentSch; InternalGains_OccupantDensity; InternalGains_OccupantSch; Zone_MinSupplyAirFlowRate; Zone_MaxSupplyAirFlowRate
55,2,mihai2017bottom,Bottom-up evidence-based calibration of the HVAC air-side loop of a building energy model,2016,J. Build. Perform. Simul.,DOE-2,cvrmse; nmbe; t-test,No,"Montreal,Canada",Dfa,Building,No,Local,Perturbation_OAT,Manual,high; parred; evidence; sa,Manual,Hourly,3,office,System_HVACSupplyAirFlowRate; System_HVACCoilCoolingLoad,NA,NA
56,1,kim2017building,Building energy model calibration with schedules derived from electricity use data,2017,Appl. Energy,EnergyPlus,cvrmse; nmbe,Yes,"Philadelphia,USA; State College,USA",Cfa; Dfb,Building,linear regression,No,No,Manual,high; stem; base,Manual,Hourly,3.5,office,Building_EquipmentElectricity;,NA,InternalGains_OccupantDensity; InternalGains_OccupantSch; InternalGains_EPD; InternalGains_EquipmentSch
56,2,kim2017building,Building energy model calibration with schedules derived from electricity use data,2017,Appl. Energy,EnergyPlus,cvrmse; nmbe,Yes,"Philadelphia,USA; State College,USA",Cfa; Dfb,Building,linear regression,No,No,Manual,high; stem; base,Manual,Hourly,3.5,educational,Building_Electricity,NA,InternalGains_OccupantDensity; InternalGains_OccupantSch; InternalGains_EPD; InternalGains_EquipmentSch
56,3,kim2017building,Building energy model calibration with schedules derived from electricity use data,2017,Appl. Energy,EnergyPlus,cvrmse; nmbe,Yes,"Philadelphia,USA; State College,USA",Cfa; Dfb,Building,linear regression,No,No,Manual,high; stem; base,Manual,Hourly,3.5,educational,Building_Electricity,NA,InternalGains_OccupantDensity; InternalGains_OccupantSch; InternalGains_EPD; InternalGains_EquipmentSch
57,1,ramosruiz2017analysis,Analysis of uncertainty indices used for building envelope calibration,2017,Appl. Energy,EnergyPlus,cvrmse; nmbe; gof; fi; r2,No,"Navarra,Spain",Cfb,Building,No,Global,Screening_Morris,Automated,base; sa,Optimization,Hourly,<1,office,Zone_DryBulbTemperature,NA,Envelope_MaterialProperties
58,2,enriquez2017towards,Towards non-intrusive thermal load Monitoring of buildings: BES calibration,2017,Appl. Energy,TRNSYS,rmse;,Yes,"Almeria,Spain; Madrid,Spain",BSk; Csa,Building,No,Local,Perturbation_OAT,Automated,high; sa,Optimization,Hourly,12,office,Zone_DryBulbTemperature; Building_CoolingLoad/Energy; Building_HeatingLoad/Energy,NA,Envelope_InfiltrationRate; Envelope_MaterialProperties
58,1,enriquez2017towards,Towards non-intrusive thermal load Monitoring of buildings: BES calibration,2017,Appl. Energy,TRNSYS,rmse;,Yes,"Almeria,Spain; Madrid,Spain",BSk; Csa,Building,No,Local,Perturbation_OAT,Automated,high; sa,Optimization,Hourly,12,office,Building_HeatingLoad/Energy,NA,Envelope_InfiltrationRate; Envelope_MaterialProperties
59,1,yuan2017simultaneous,A simultaneous calibration and parameter ranking method for building energy models,2017,Appl. Energy,EnergyPlus,cvrmse; pe,Yes,"Singapore,Singapore",Af,Building,Gaussian process,Global,Metamodel_GP,Automated,uq; sa,Bayesian,Monthly,24,office,Building_Electricity,NA,Envelope_MaterialProperties; InternalGains_OccupantDensity; InternalGains_LPD; InternalGains_EPD; Zone_OutdoorAir; HVAC_ComponentEfficiency
61,1,glasgo2017assessing,Assessing the value of information in residential building simulation: Comparing simulated and actual building loads at the circuit level,2017,Appl. Energy,EnergyPlus,cvrmse,No,"Austin,USA",Cfa,Building,No,Local,Perturbation_OAT,Manual,audit; high; sa,Manual,Hourly,12,residential,Building_TotalLoad/Energy; Component_HVACEnergy,Weather_AMY; InternalGains_EquipmentElectricity; InternalGains_LightingElectricity,Geometry_Geometry; Envelope_MaterialProperties; Envelope_InfiltrationRate; InternalGains_OccupantDensity; InternalGains_OccupantSch; HVAC_ComponentCapacity; HVAC_ComponentEfficiency; Zone_CoolingSetpoint; Zone_HeatingSetpoint; HotWater_Usage
62,1,sokol2017validation,Validation of a Bayesian-based method for defining residential archetypes in urban building energy models,2017,Energy Build.,EnergyPlus,cvrmse; pe; ks,Yes,"Cambridge,USA",Dfa,Urban,linear regression,No,No,Automated,uq; expert; parred,Bayesian,Annual,12,residential,Building_Electricity; Building_Gas/Steam,Weather_AMY; Weather_SolarRadiation,Envelope_InfiltrationRate; Envelope_MaterialProperties; HVAC_ComponentEfficiency; Zone_CoolingSetpoint; Zone_HeatingSetpoint; InternalGains_OccupantDensity; InternalGains_EPD; HotWater_Usage
62,2,sokol2017validation,Validation of a Bayesian-based method for defining residential archetypes in urban building energy models,2017,Energy Build.,EnergyPlus,cvrmse; pe; ks,Yes,"Cambridge,USA",Dfa,Urban,linear regression,No,No,Automated,uq; expert; parred,Bayesian,Monthly,12,residential,Building_Electricity; Building_Gas/Steam,Weather_AMY; Weather_SolarRadiation,Envelope_InfiltrationRate; Envelope_MaterialProperties; HVAC_ComponentEfficiency; Zone_CoolingSetpoint; Zone_HeatingSetpoint; InternalGains_OccupantDensity
63,1,kazas2017energy,Energy demand profile generation with detailed time resolution at an urban district scale: A reference building approach and case study,2017,Appl. Energy,EnergyPlus,rmse,No,"Turin,Italy",Cfa,Urban,No,No,No,Manual,expert; parred,Manual,Hourly,3,residential,Building_HeatingLoad/Energy,Weather_AMY,HVAC_OperationSch
69,1,kim2016stepwise,Stepwise deterministic and stochastic calibration of an energy simulation model for an existing building,2016,Energy Build.,EnergyPlus,cvrmse; nmbe,No,"Yongin city,South Korea",Dwa,Building,No,Global,Screening_Morris,Automated,audit; high; sa,Optimization,Hourly,<1,office,System_HVACCoilCoolingLoad; Component_HVACGas/Steam,Weather_AMY,Envelope_InfiltrationRate; Envelope_MaterialProperties; InternalGains_EPD;  InternalGains_OccupantDensity; InternalGains_LPD; HVAC_ComponentCapacity; HVAC_ComponentPerformanceCurve; HVAC_ComponentPressure
69,1,kim2016stepwise,Stepwise deterministic and stochastic calibration of an energy simulation model for an existing building,2016,Energy Build.,EnergyPlus,cvrmse; nmbe,No,"Yongin city,South Korea",Dwa,Building,Gaussian process,Global,Screening_Morris,Automated,audit; high; uq; sa,Bayesian,Hourly,<1,office,System_HVACCoilCoolingLoad; Component_HVACGas/Steam,Weather_AMY,Envelope_InfiltrationRate; Envelope_MaterialProperties; InternalGains_EPD;  InternalGains_OccupantDensity; InternalGains_LPD; HVAC_ComponentCapacity; HVAC_ComponentPerformanceCurve; HVAC_ComponentPressure
70,1,kim2016development,"Development of a home energy audit methodology for determining energy and cost efficient measures using an easy-to-use simulation: Test results from single-family houses in Texas, USA ",2016,Build Simulation,DOE-2,cvrmse,No,"Texas,USA",Cfa,Building,linear regression,Local,Perturbation_OAT,Automated,audit; sig; sa,Manual,Monthly,12,residential,Building_Electricity,Weather_AMY,InternalGains_LPD; InternalGains_EPD; Zone_CoolingSetpoint; Zone_HeatingSetpoint; Envelope_InfiltrationRate; Envelope_MaterialProperties; Geometry_Geometry; HVAC_ComponentEfficiency; HVAC_DuctLeakage; HVAC_DuctInsulation
71,1,chaudhary2016evaluation,"Evaluation of """"Autotune"""" calibration against manual calibration of building energy models",2016,Appl. Energy,EnergyPlus,cvrmse; nmbe,No,"Chicago,USA; Oak Ridge,USA",Cfa; Dfa,Building,No,No,No,Automated,NA,Optimization,NA,NA,NA,Building_Electricity,NA,Envelope_MaterialProperties; InternalGains_LPD; InternalGains_EPD; InternalGains_OccupantDensity; InternalGains_RadiantFraction; HVAC_ComponentEfficiency; HVAC_ComponentPressure
71,2,chaudhary2016evaluation,"Evaluation of """"Autotune"""" calibration against manual calibration of building energy models",2016,Appl. Energy,EnergyPlus,cvrmse; nmbe,No,"Chicago,USA; Oak Ridge,USA",Cfa; Dfa,Building,No,No,No,Automated,NA,Optimization,Daily,12,residential,Building_CoolingLoad/Energy; Building_HeatingLoad/Energy; Building_TotalLoad/Energy; Component_HVACEnergy,Weather_AMY,Site_GroundTemperature; Envelope_InfiltrationRate; Envelope_MaterialProperties; HVAC_ComponentEfficiency; HVAC_SizingDesignAirFlowRate; HVAC_ComponentCapacity; HVAC_OperationSch
76,1,yang2016automated,An automated optimization method for calibrating building energy simulation models with measured data: Orientation and a case study,2016,Appl. Energy,DOE-2,cvrmse; nmbe,No,"Shanghai,China",Cfa,Building,No,Global,Screening_Morris,Automated,sa,Optimization,Monthly,12,office,Building_Electricity,Weather_DryBulbTemp; Weather_RelativeHumidity;,Envelope_MaterialProperties; Geometry_WWR; InternalGains_LPD; InternalGains_EPD; InternalGains_OccupantDensity; Zone_CoolingSetpoint; Zone_HeatingSetpoint; HVAC_ComponentEfficiency
77,1,tagliabue2016probabilistic,Probabilistic behavioural modeling in building performance simulation?he Brescia eLUX lab,2016,Energy Build.,EnergyPlus,NA,No,"Brescia,Italy",Cfa,Building,No,Global,Regression_NA,Manual,audit; sig; uq; sa,Manual,Monthly,12,NA,NA,NA,NA
81,1,li2016assessment,Assessment of linear emulators in lightweight Bayesian calibration of dynamic building energy models for parameter estimation and performance prediction,2016,Energy Build.,EnergyPlus,crps; cvrmse; nmbe,Yes,"Atlanta,USA",Cfa,Building,linear regression,Global,Regression_lasso,Automated,audit; uq; sa,Bayesian,NA,35,mixed,Building_Electricity; Building_CoolingLoad/Energy,Weather_DryBulbTemp; Weather_RelativeHumidity; Weather_WindDirection; Weather_WindSpeed,InternalGains_OccupantDensity; Zone_CoolingSetpoint; Zone_OutdoorAir
82,1,yin2016linking,Linking measurements and models in commercial buildings: A case study for model calibration and demand response strategy evaluation,2016,Energy Build.,EnergyPlus,cvrmse; nmbe,Yes,"NA,NA",NA,Building,No,No,No,Manual,high,Manual,Hourly,NA,office,Building_Occupancy,Zone_CO2; Zone_SupplyAirFlowRate; Zone_OutdoorAir,InternalGains_OccupantDensity; InternalGains_OccupantSch
82,2,yin2016linking,Linking measurements and models in commercial buildings: A case study for model calibration and demand response strategy evaluation,2016,Energy Build.,EnergyPlus,cvrmse; nmbe,Yes,"NA,NA",NA,Building,No,No,No,Manual,high,Manual,Hourly,NA,office,Building_LightingElectricity; Building_EquipmentElectricity,NA,InternalGains_EPD; InternalGains_EquipmentSch; InternalGains_LPD; InternalGains_LightsSch
82,3,yin2016linking,Linking measurements and models in commercial buildings: A case study for model calibration and demand response strategy evaluation,2016,Energy Build.,EnergyPlus,cvrmse; nmbe,Yes,"NA,NA",NA,Building,No,No,No,Manual,high,Manual,Hourly,NA,office,Zone_SupplyAirFlowRate,Zone_DryBulbTemp; Zone_SupplyAirFlowRate,Zone_OutdoorAir; Zone_MinSupplyAirFlowRate; Zone_CoolingSetpoint; Zone_HeatingSetpoint
82,4,yin2016linking,Linking measurements and models in commercial buildings: A case study for model calibration and demand response strategy evaluation,2016,Energy Build.,EnergyPlus,cvrmse; nmbe,Yes,"NA,NA",NA,Building,No,No,No,Manual,high,Manual,Hourly,NA,office,Component_HVACEnergy,HVAC_FluidFlowRate,HVAC_ComponentPerformanceCurve
82,5,yin2016linking,Linking measurements and models in commercial buildings: A case study for model calibration and demand response strategy evaluation,2016,Energy Build.,EnergyPlus,cvrmse; nmbe,Yes,"NA,NA",NA,Building,No,No,No,Manual,high,Manual,Hourly,NA,office,Component_HVACEfficiency,HVAC_FluidTemperature; HVAC_CoolingLoad,HVAC_ComponentPerformanceCurve
85,1,vesterberg2016calibration,Calibration of low-rise multifamily residential simulation models using regressed estimations of transmission losses,2015,J. Build. Perform. Simul.,IDA,nmbe; cv,No,"Umea,Sweden",Dfc,Building,linear regression,No,No,Manual,audit; high,Manual,Daily,12,residential,Building_HeatingLoad/Energy,Weather_DryBulbTemp; Weather_SolarRadiation; Weather_RelativeHumidity; Weather_WindDirection; Weather_WindSpeed; Envelope_InfiltrationRate; Zone_DryBulbTemp,Envelope_InfiltrationRate; Envelope_MaterialProperties; InternalGains_OccupantDensity; InternalGains_EPD; Zone_HeatingSetpoint; HVAC_ComponentEfficiency; HotWater_Usage
85,2,vesterberg2016calibration,Calibration of low-rise multifamily residential simulation models using regressed estimations of transmission losses,2015,J. Build. Perform. Simul.,IDA,nmbe; cv,No,"Umea,Sweden",Dfc,Building,linear regression,No,No,Manual,audit; high,Manual,Daily,12,residential,Building_HeatingLoad/Energy,Weather_DryBulbTemp; Zone_DryBulbTemp,Envelope_InfiltrationRate; Envelope_MaterialProperties
86,1,tian2016identifying,Identifying informative energy data in Bayesian calibration of building energy models,2016,Energy Build.,EnergyPlus,rmse; r2,Yes,"Tianjin,China",Dwa,Building,linear regression,Global,Regression_SRC; Metamodel_RandomForest,Automated,uq; sa,Bayesian,Monthly,12,NA,Building_Electricity; Building_HeatingLoad/Energy,NA,Envelope_MaterialProperties; InternalGains_OccupantDensity; InternalGains_EPD
87,1,tokarik2016life,Life cycle cost optimization of passive energy efficiency improvements in a Toronto house,2016,Energy Build.,NA,cvrmse; nmbe,No,"Toronto,Canada",Dfa,Building,No,No,No,Manual,evidence,Manual,Monthly,12,residential,Building_Electricity; Building_Gas/Steam,Weather_AMY; Weather_DryBulbTemp,NA
87,2,tokarik2016life,Life cycle cost optimization of passive energy efficiency improvements in a Toronto house,2016,Energy Build.,NA,cvrmse; nmbe,No,"Toronto,Canada",Dfa,Building,No,No,No,Manual,evidence,Manual,Hourly,12,residential,Zone_DryBulbTemperature,Weather_AMY; Weather_DryBulbTemp,NA
88,1,ramosruiz2016genetic,Genetic algorithm for building envelope calibration,2016,Appl. Energy,EnergyPlus,cvrmse; nmbe; gof; fi; r2,No,"Navarra,Spain",Cfb,Building,No,Global,Screening_Morris,Automated,base; high; sa,Optimization,Sub-hourly,<1,office,Zone_DryBulbTemperature,Envelope_InfiltrationRate; Weather_DryBulbTemp; Weather_RelativeHumidity; Weather_SolarRadiation; Weather_WindDirection; Weather_WindSpeed,Envelope_MaterialProperties
90,1,jermyn2016process,A process for developing deep energy retrofit strategies for single-family housing typologies: Three Toronto case studies,2016,Energy Build.,EnergyPlus,cvrmse; nmbe,No,"Toronto,Canada",Dfa,Building,No,No,No,Manual,expert,Manual,Monthly,12,residential,Building_Gas/Steam,NA,Geometry_Geometry; Envelope_InfiltrationRate; Envelope_MaterialProperties; InternalGains_OccupantDensity; InternalGains_LPD; Zone_OutdoorAir; HotWater_Usage
91,1,carlon2016on,On-site monitoring and dynamic simulation of a low energy house heated by a pellet boiler,2016,Energy Build.,TRNSYS,rmse; cvrmse; nmbe,Yes,"Persenbeug-Gottsdorf,Austria",Cfb,Building,No,No,No,Automated,audit; base; high; evidence,Optimization,Hourly,<1,residential,Zone_DryBulbTemperature,Weather_AMY,Envelope_MaterialProperties; Envelope_ShadingFactor; InternalGains_LumpedDensity; Zone_HeatCapacity
91,2,carlon2016on,On-site monitoring and dynamic simulation of a low energy house heated by a pellet boiler,2016,Energy Build.,TRNSYS,rmse; cvrmse; nmbe,Yes,"Persenbeug-Gottsdorf,Austria",Cfb,Building,No,No,No,Automated,audit; base; high; evidence,Optimization,Hourly,<1,residential,Zone_DryBulbTemperature,Weather_AMY,Envelope_ShadingFactor
94,1,sun2016pattern,A pattern-based automated approach to building energy model calibration,2016,Energy Build.,EnergyPlus,cvrmse; nmbe,No,"San Francisco,USA",Csb,Building,No,Local,Perturbation_OAT,Automated,expert; sa,Optimization,Monthly,12,office,Building_Electricity; Building_Gas/Steam,Weather_AMY,Envelope_InfiltrationRate; Envelope_MaterialProperties; InternalGains_OccupantDensity; InternalGains_EPD; InternalGains_LPD; InternalGains_LightsSch; InternalGains_EquipmentSch; HVAC_ComponentEfficiency; Zone_CoolingSetpoint; Zone_HeatingSetpoint; Zone_OutdoorAir; HVAC_OperationSch
95,1,samuelson2016analysis,Analysis of a simplified calibration procedure for 18 design-phase building energy models,2016,J. Build. Perform. Simul.,DOE-2,cvrmse; nmbe,No,"Toronto,Canada",Dfa,Building,No,No,No,Manual,expert,Manual,Monthly,12,NA,Building_TotalLoad/Energy,NA,Weather_SolarRadiation; Envelope_InfiltrationRate; InternalGains_OccupantDensity;  InternalGains_OccupantSch; InternalGains_LPD; InternalGains_EPD; HVAC_ComponentEfficiency; HVAC_OperationSch
97,1,ji2015bottom,A bottom-up and procedural calibration method for building energy simulation models based on hourly electricity submetering data,2015,Energy,EnergyPlus,cv; r2; mre,No,"Shanghai,China",Cfa,Building,No,No,No,Manual,high; evidence; parred,Manual,Hourly,2,mixed,Building_LightingEquipmentElectricity,NA,InternalGains_LPD; InternalGains_LightsSch; InternalGains_EPD; InternalGains_EquipmentSch
97,2,ji2015bottom,A bottom-up and procedural calibration method for building energy simulation models based on hourly electricity submetering data,2015,Energy,EnergyPlus,cv; r2; mre,No,"Shanghai,China",Cfa,Building,No,No,No,Manual,high; evidence; parred,Manual,Hourly,2,mixed,Component_HVACEnergy,NA,HVAC_ComponentCapacity; HVAC_ComponentEfficiency; HVAC_ComponentPerformanceCurve; HVAC_ComponentPressure; HVAC_ComponentRatedFlowRate
97,3,ji2015bottom,A bottom-up and procedural calibration method for building energy simulation models based on hourly electricity submetering data,2015,Energy,EnergyPlus,cv; r2; mre,No,"Shanghai,China",Cfa,Building,No,No,No,Manual,high; evidence; parred,Manual,Hourly,2,mixed,Building_TotalLoad/Energy,Weather_DryBulbTemp; Weather_SolarRadiation; Weather_RelativeHumidity; Weather_WindSpeed; Weather_WindDirection; InternalGains_Lumped; HVAC_Power,Envelope_MaterialProperties; Envelope_InfiltrationRate; InternalGains_OccupantDensity; Zone_OutdoorAir; InternalGains_LPD; InternalGains_LightsSch; InternalGains_EPD; InternalGains_OccupantSch; HVAC_ComponentCapacity; HVAC_ComponentEfficiency; HVAC_ComponentPerformanceCurve; HVAC_ComponentPressure; HVAC_ComponentRatedFlowRate
98,1,roberti2015calibrating,Calibrating historic building energy models to hourly indoor air and surface temperatures: Methodology and case study,2015,Energy Build.,EnergyPlus,rmse; mae,Yes,"Bolzano,Italy",Cfb,Building,No,Global,Screening_Morris,Automated,audit; sa,Optimization,Hourly,6,residential,Zone_DryBulbTemperature,Envelope_MaterialProperties; Envelope_InfiltrationRate; Weather_DryBulbTemp; Weather_RelativeHumidity; Weather_SolarRadiation,Envelope_MaterialProperties; Envelope_InfiltrationRate
98,2,roberti2015calibrating,Calibrating historic building energy models to hourly indoor air and surface temperatures: Methodology and case study,2015,Energy Build.,EnergyPlus,rmse; mae,Yes,"Bolzano,Italy",Cfb,Building,No,Global,Screening_Morris,Automated,audit; sa,Optimization,Hourly,6,residential,Zone_SurfaceTemperature,Envelope_MaterialProperties; Envelope_InfiltrationRate; Weather_DryBulbTemp; Weather_RelativeHumidity; Weather_SolarRadiation,Envelope_MaterialProperties; Envelope_InfiltrationRate
99,1,li2015why,Why is the reliability of building simulation limited as a tool for evaluating energy conservation measures?,2015,Appl. Energy,EnergyPlus,cvrmse; nmbe,Yes,"Los Angeles,USA",Csa,Building,No,Global,Variance_Anova,Automated,audit; high; sa,Optimization,Daily,1,mixed,Building_TotalLoad/Energy,InternalGains_Occupancy,Envelope_MaterialProperties; InternalGains_LPD; InternalGains_EPD; InternalGains_OccupantDensity; InternalGains_OccupantSch; Zone_OutdoorAir; Zone_CoolingSetpoint
102,1,kim2015development,Development of methodology for calibrated simulation in single-family residential buildings using three-parameter change-point regression model,2015,Energy Build.,DOE-2,cvrmse,No,"Texas,USA",Cfa,Building,linear regression,Local,Perturbation_OAT,Manual,audit; sig; sa,Manual,Monthly,12,residential,Building_Electricity,Weather_AMY,InternalGains_LPD; InternalGains_EPD; Zone_CoolingSetpoint; Zone_HeatingSetpoint; Envelope_InfiltrationRate; Envelope_MaterialProperties; Geometry_Geometry; HVAC_ComponentEfficiency; HVAC_DuctLeakage; HVAC_DuctInsulation
103,1,yang2015model,A model calibration framework for simultaneous multi-level building energy simulation,2015,Appl. Energy,EnergyPlus,cvrmse; nmbe,Yes,"Los Angeles,USA",Csa,Building,linear regression,Global,Screening_Morris,Automated,evidence; audit; high; sa,Optimization,Hourly,11,office,Building_HVACEnergy,Zone_SupplyAirFlowRate; Zone_SupplyAirTemperature; Zone_ReturnAirTemperature;,HVAC_ComponentEfficiency; Weather_WindSpeed; InternalGains_OccActivity; HVAC_FluidTemperature; Envelope_MaterialProperties; Site_Albedo; InternalGains_LightsFracRad; HVAC_SizingFactor; HVAC_PerformanceCurve; Envelope_CHTC; Site_GroundReflectance; Zone_OutdoorAir; HVAC_MinAirFlowRate; HVAC_SizingFactor
103,2,yang2015model,A model calibration framework for simultaneous multi-level building energy simulation,2015,Appl. Energy,EnergyPlus,cvrmse; nmbe,Yes,"Los Angeles,USA",Csa,Building,linear regression,Global,Screening_Morris,Automated,evidence; audit; high; sa,Optimization,Hourly,11,office,System_HVACEnergy,NA,HVAC_MinAirFlowRate; HVAC_ComponentEfficiency; Zone_SupplyAirTemperature; Envelope_MaterialProperties; InternalGains_LumpedDensity; InternalGains_LightsFracRad; Envelope_InfiltrationRate;
103,3,yang2015model,A model calibration framework for simultaneous multi-level building energy simulation,2015,Appl. Energy,EnergyPlus,cvrmse; nmbe,Yes,"Los Angeles,USA",Csa,Building,linear regression,Global,Screening_Morris,Automated,evidence; audit; high; sa,Optimization,Hourly,11,office,Zone_HVACEnergy,NA,Envelope_MaterialProperties; Zone_OutdoorAir; Zone_SupplyAirTemperature; InternalGains_OccActivity; Envelope_InfiltrationRate; InternalGains_LightsFracRad; InternalGains_LumpedDensity
104,1,robertson2015reduced,Reduced-order modeling and simulated annealing optimization for efficient residential building utility bill calibration,2015,Appl. Energy,DOE-2,cvrmse,No,"Las Vegas,USA",BWh,Building,linear regression,Local,Perturbation_OAT,Automated,sa,Optimization,Monthly,12,residential,Building_Electricity,NA,Envelope_MaterialProperties; Zone_CoolingSetpoint; Zone_HeatingSetpoint; InternalGains_EPD; HotWater_Usage
108,1,royapoor2015building,Building model calibration using energy and environmental data,2015,Energy Build.,EnergyPlus,cvrmse; nmbe,No,"NA,UK",NA,Building,No,No,No,Manual,high; evidence,Manual,Hourly,12,office,Building_Electricity; Building_Gas/Steam,Weather_DryBulbTemp; Weather_SolarRadiation; Weather_DewPointTemperature; Weather_RelativeHumidity; Weather_WindDirection; Weather_WindSpeed; Weather_AtmosphericPressure; Envelope_InfiltrationRate,NA
108,2,royapoor2015building,Building model calibration using energy and environmental data,2015,Energy Build.,EnergyPlus,cvrmse; nmbe,No,"NA,UK",NA,Building,No,No,No,Manual,high; evidence,Manual,Hourly,12,office,Zone_DryBulbTemperature,NA,NA
111,1,harmer2015using,Using calibrated energy models for building commissioning and load prediction,2015,Energy Build.,EnergyPlus,gof; nmbe; cv,Yes,"Colorado,USA",BSk,Building,No,Global,RSA_chi-squared,Automated,audit; high; uq; sa,Sampling,Hourly,2,mixed,Building_Electricity; Building_Gas/Steam,Weather_DryBulbTemp; Weather_RelativeHumidity; Weather_WindDirection; Weather_WindSpeed; Weather_SolarRadiation,Envelope_MaterialProperties; HVAC_ComponentEfficiency; HVAC_SizingFactor; InternalGains_OccupantDensity; Zone_OutdoorAir; Envelope_InfiltrationRate; Zone_HeatCapacity
114,1,heo2015evaluation,Evaluation of calibration efficacy under different levels of uncertainty,2015,J. Build. Perform. Simul.,Normative,cvrmse; rmse,No,"Chicago,USA",Dfa,Building,Gaussian process,Global,Screening_Morris,Automated,audit; uq; sa,Bayesian,Monthly,12,office,Building_TotalLoad/Energy,NA,Zone_OutdoorAir; Envelope_InfiltrationRate; InternalGains_EPD; HVAC_ComponentEfficiency
114,2,heo2015evaluation,"Evaluation of calibration efficacy under different
levels of uncertainty",2015,J. Build. Perform. Simul.,Normative,cvrmse; rmse,No,"Chicago,USA",Dfa,Building,Gaussian process,Global,Screening_Morris,Automated,audit; uq; sa,Bayesian,Monthly,12,office,Building_TotalLoad/Energy,InternalGains_LightingElectricity; InternalGains_EquipmentElectricity,Envelope_InfiltrationRate; HVAC_ComponentEfficiency; Zone_HeatingSetpoint
115,1,cipriano2015evaluation,"Evaluation of a multi-stage guided search approach for the calibration
of building energy simulation models",2015,Energy Build.,EnergyPlus,cvrmse; nmbe; gof,No,"Lleida,Spain",BSk,Building,No,Global,RSA_chi-squared,Automated,audit; high; base; uq; sa,Sampling,Hourly,1,office,Zone_DryBulbTemperature,Weather_DryBulbTemp; Weather_SolarRadiation; Weather_DewPointTemperature; Weather_RelativeHumidity; Weather_WindDirection; Weather_WindSpeed; Weather_AtmosphericPressure,Envelope_MaterialProperties; Envelope_InfiltrationRate; InternalGains_EPD; Zone_InternalMass
185,1,nagpal2019framework,A framework for using calibrated campus-wide building energy models for continuous planning and greenhouse gas emissions reduction tracking,2019,Appl. Energy,EnergyPlus,gof,No,"Cambridge,USA",Dfa,Urban,random forest; ann,No,No,Automated,audit; uq,Optimization,Monthly,12,NA,Building_Electricity; Building_Gas/Steam; Building_CoolingLoad/Energy,Weather_DryBulbTemp; Weather_RelativeHumidity; Weather_WindSpeed; Weather_SolarRadiation,Envelope_InfiltrationRate; InternalGains_EPD; InternalGains_LPD; InternalGains_OccupantDensity; InternalGains_LightsSch; InternalGains_OccupantSch; InternalGains_EquipmentSch; Zone_CoolingSetpoint; Zone_HeatingSetpoint; Zone_OutdoorAir; Zone_NaturalVentilation; HVAC_OperationSch; Zone_DaylightingControls; HotWater_Usage
186,1,chen2019meta,A meta-model-based optimization approach for fast and reliable calibration of building energy models,2019,Energy,EnergyPlus,cvrmse; nmbe,Yes,"Atlanta,USA",Cfa,Building,Gaussian process,Global,Screening_Morris,Automated,sa,Optimization,Monthly,18,office,Building_Electricity,Weather_AMY,Envelope_InfiltrationRate; Envelope_MaterialProperties; Zone_CoolingSetpoint; HVAC_ComponentEfficiency; InternalGains_LPD; InternalGains_EPD; Zone_OutdoorAir
192,1,derosa2019iterative,"An Iterative Methodology for Model Complexity
Reduction in Residential Building Simulation",2019,energies,RC,rmse,Yes,"Wustenrot,Germany",Cfb,Building,No,No,No,Automated,high; stem,Optimization,Daily,1,residential,Zone_DryBulbTemperature; Building_HeatingLoad/Energy,Weather_DryBulbTemp; Weather_SolarRadiation,Envelope_MaterialProperties; Zone_InternalMass
193,1,andrade-cabrera2019augmented,Augmented Ensemble Calibration of lumped-parameter building models,2019,Build. Simul.,RC,rmse; mae,No,"Dublin,Ireland",Cfb,Urban,No,Global,Regression_PRCC,Automated,sa; parred; expert,Optimization,Hourly,6,residential,Zone_DryBulbTemperature,NA,Envelope_MaterialProperties; Envelope_InfiltrationRate
194,1,zuhaib2019application,Application of a staged automated calibration methodology to a partially-retrofitted university building energy model,2019,J. Build. Eng.,EnergyPlus,cvrmse; nmbe,Yes,"Galway,Ireland",Cfb,Building,No,Global,Screening_Morris,Automated,audit; high; sa,Optimization,Monthly,12,educational,Building_Electricity; Building_HeatingLoad/Energy,Envelope_InfiltrationRate; InternalGains_EquipmentElectricity; InternalGains_LightingSchedule; Weather_DryBulbTemp; Weather_RelativeHumidity; Weather_SolarRadiation; Weather_WindDirection; Weather_WindSpeed; Weather_AtmosphericPressure,Envelope_InfiltrationRate; Envelope_MaterialProperties; Zone_HeatingSetpoint; InternalGains_OccupantDensity; InternalGains_LPD; InternalGains_EPD; Zone_OutdoorAir
194,2,zuhaib2019application,Application of a staged automated calibration methodology to a partially-retrofitted university building energy model,2019,J. Build. Eng.,EnergyPlus,cvrmse; nmbe,Yes,"Galway,Ireland",Cfb,Building,No,Global,Screening_Morris,Automated,audit; high; sa,Optimization,Hourly,12,educational,Zone_DryBulbTemperature,Envelope_InfiltrationRate; InternalGains_EquipmentElectricity; InternalGains_LightingSchedule; Weather_DryBulbTemp; Weather_RelativeHumidity; Weather_SolarRadiation; Weather_WindDirection; Weather_WindSpeed; Weather_AtmosphericPressure,Envelope_InfiltrationRate; Envelope_MaterialProperties; InternalGains_OccupantDensity; InternalGains_LPD; InternalGains_EPD; Zone_OutdoorAir
196,1,lundstrom2019bayesian,Bayesian Calibration with Augmented Stochastic State-Space Models of District-Heated Multifamily Buildings,2019,energies,RC,NA,No,"Eskilstuna,Sweden",Dfb,Building,No,No,No,Automated,high; uq,Bayesian,Hourly,3,residential,Building_HeatingLoad/Energy; Zone_DryBulbTemperature,Weather_DryBulbTemp; Weather_SolarRadiation; Weather_WindSpeed; Site_GroundTemperature; Site_Albedo; HotWater_Usage,Envelope_MaterialProperties; Envelope_InfiltrationRate; InternalGains_LumpedDensity; HotWater_Usage; Zone_HeatingSetpoint; HVAC_SupplyAirFlowRate; Zone_InternalMass; HVAC_PipeLoss; HotWater_PipeLoss
197,1,hedegaard2019bottom,"Bottom-up modelling methodology for urban-scale analysis of residential
space heating demand response",2019,Appl. Energy,RC,cvrmse; nmbe,Yes,"Aarhus,Denmark",Cfb,Urban,No,No,No,Automated,high; uq; expert,Bayesian,Hourly,2,residential,Building_HeatingLoad/Energy,Weather_DryBulbTemp; Weather_SolarRadiation,Envelope_InfiltrationRate; Envelope_MaterialProperties; InternalGains_OccupantDensity; Envelope_WFR
198,1,asadi2019building,Building energy model calibration using automated optimization-based algorithm,2019,Energy Build.,EnergyPlus,cvrmse; nmbe,No,"Doha,Qatar",BWh,Building,No,No,No,Automated,high,Optimization,Hourly,12,office,Building_Electricity,Weather_AMY,Envelope_InfiltrationRate; Zone_CoolingSetpoint; Zone_HeatingSetpoint; InternalGains_OccupantSch; InternalGains_LightsSch; InternalGains_EquipmentSch
200,1,chong2019continuous,Continuous-time Bayesian calibration of energy models using BIM and energy data,2019,Energy Build.,EnergyPlus,cvrmse; nmbe; r-hat,Yes,"Singapore,Singapore",Af,Building,Gaussian process,Global,Screening_Morris,Automated,uq; sa,Bayesian,Monthly,36,office,Building_Electricity,Weather_AMY,InternalGains_EPD; InternalGains_LPD; Zone_CoolingSetpoint; HVAC_ComponentEfficiency; HVAC_ComponentPressure
202,1,chen2019district,"District Heating Network Demand Prediction Using a Physics-Based Energy Model with a Bayesian
Approach for Parameter Calibration",2019,energies,IES-VE,rmse,No,"Glasgow,Scotland",Cfb,Urban,Gaussian process,Global,Screening_Morris,Automated,uq; sa,Bayesian,Monthly,12,NA,Building_HeatingLoad/Energy,Weather_DryBulbTemp; Weather_RelativeHumidity; Weather_WindSpeed; Weather_SolarRadiation,Envelope_MaterialProperties
208,1,aparicio-fernandez2019energy,Energy Modelling and Calibration of Building Simulations: A Case Study of a Domestic Building with Natural Ventilation,2019,energies,TRNSYS,cvrmse; nmbe,Yes,"Loughborough,UK",Cfb,Building,No,No,No,Manual,high; stem; base,Manual,Sub-hourly,2,residential,Zone_DryBulbTemperature,Weather_DryBulbTemp; Weather_RelativeHumidity; Weather_WindSpeed; Weather_WindDirection; Weather_SolarRadiation; Building_Electricity; Building_Gas/Steam; Zone_WindowOpening,Envelope_MaterialProperties; Geometry_Geometry; InternalGains_OccupantSch
208,2,aparicio-fernandez2019energy,Energy Modelling and Calibration of Building Simulations: A Case Study of a Domestic Building with Natural Ventilation,2019,energies,TRNSYS,cvrmse; nmbe,Yes,"Loughborough,UK",Cfb,Building,No,No,No,Manual,high; stem; base,Manual,Sub-hourly,2,residential,Zone_DryBulbTemperature,Weather_DryBulbTemp; Weather_RelativeHumidity; Weather_WindSpeed; Weather_WindDirection; Weather_SolarRadiation; Building_Electricity; Building_Gas/Steam,Envelope_MaterialProperties; Geometry_Geometry; InternalGains_OccupantSch; Zone_NaturalVentilation
208,3,aparicio-fernandez2019energy,Energy Modelling and Calibration of Building Simulations: A Case Study of a Domestic Building with Natural Ventilation,2019,energies,TRNSYS,cvrmse; nmbe,Yes,"Loughborough,UK",Cfb,Building,No,No,No,Manual,high; stem; base,Manual,Sub-hourly,2,residential,Zone_DryBulbTemperature; Building_Gas/Steam,Weather_DryBulbTemp; Weather_RelativeHumidity; Weather_WindSpeed; Weather_WindDirection; Weather_SolarRadiation; Building_Electricity; Zone_WindowOpening,Envelope_MaterialProperties; Geometry_Geometry; InternalGains_OccupantSch; Zone_HeatingSetpoint
208,4,aparicio-fernandez2019energy,Energy Modelling and Calibration of Building Simulations: A Case Study of a Domestic Building with Natural Ventilation,2019,energies,TRNSYS,cvrmse; nmbe,Yes,"Loughborough,UK",Cfb,Building,No,No,No,Manual,high; stem; base,Manual,Sub-hourly,2,residential,Zone_DryBulbTemperature; Building_Gas/Steam,Weather_DryBulbTemp; Weather_RelativeHumidity; Weather_WindSpeed; Weather_WindDirection; Weather_SolarRadiation; Building_Electricity,Envelope_MaterialProperties; Geometry_Geometry; InternalGains_OccupantSch; Zone_HeatingSetpoint; Zone_NaturalVentilation
220,1,manfren2020parametric,Parametric performance analysis and energy model calibration workflow integration - A scalable approach for buildings,2020,energies,RC,cvrmse; nmbe; r2; mape,Yes,"Forli-Cesena,Italy",Cfa,Building,linear regression,No,No,Manual,sig,Manual,Monthly,36,residential,Building_Electricity,Weather_DryBulbTemp; Weather_SolarRadiation,Envelope_MaterialProperties; InternalGains_OccupantDensity;  InternalGains_LumpedDensity; Zone_CoolingSetpoint; Zone_HeatingSetpoint; Envelope_InfiltrationRate; Zone_OutdoorAir; HVAC_OperationSch; HotWater_Usage
232,1,fernandez2020novel,A novel residential heating consumption characterisation approach at city level from available public data: Description and case study,2020,Energy Build.,EnergyPlus,NA,No,"Bilbao,Spain",Cfb,Urban,No,No,No,Manual,evidence; expert; parred,Manual,Annual,12,residential,Building_Gas/Steam,Envelope_InfiltrationRate,InternalGains_LightsSch; InternalGains_EquipmentSch; InternalGains_OccupantSch; Zone_HeatingSetpoint; Envelope_InfiltrationRate
233,1,martinez2020performance,A performance comparison of multi-objective optimization-based approaches for calibrating white-box building energy models,2020,Energy Build.,EnergyPlus,cvrmse; nmbe; r2; nme; scc,No,"NA,NA",NA,Building,No,No,No,Automated,NA,Optimization,Hourly,<1; 1; 12,NA,Building_CoolingLoad/Energy; Building_HeatingLoad/Energy,NA,Envelope_MaterialProperties; Envelope_InfiltrationRate; InternalGains_LumpedDensity
233,2,martinez2020performance,A performance comparison of multi-objective optimization-based approaches for calibrating white-box building energy models,2020,Energy Build.,EnergyPlus,cvrmse; nmbe; r2; nme; scc,No,"NA,NA",NA,Building,No,No,No,Automated,NA,Optimization,Hourly,<1; 1; 12,NA,Zone_DryBulbTemperature; Building_CoolingLoad/Energy; Building_HeatingLoad/Energy,NA,Envelope_MaterialProperties; Envelope_InfiltrationRate; InternalGains_LumpedDensity
234,1,wang2020bayesian,Bayesian calibration at the urban scale: a case study on a large residential heating demand application in Amsterdam,2020,J. Build. Perform. Simul.,EnergyPlus,cvrmse; pe,Yes,"Amsterdam-Oost,Netherlands",Cfb,Urban,No,Global,Screening_Morris,Automated,expert; uq; sa; parred,Bayesian,Annual,72,NA,Building_TotalLoad/Energy,Weather_AMY,Envelope_InfiltrationRate; Zone_HeatingSetpoint
237,1,zhu2020uncertainty,Uncertainty calibration of building energy models by combining approximate Bayesian computation and machine learning algorithms,2020,Appl. Energy,EnergyPlus,cvrmse; nmbe,No,"Colorado,USA",BSk,Building,svm; linear regression; random forest; mars; bmars,Global,Metamodel_cubist; Variance_Sobol,Automated,expert; uq; sa,Bayesian,Monthly,12,office,Building_Electricity; Building_Gas/Steam,NA,Envelope_MaterialProperties; Envelope_InfiltrationRate; InternalGains_LPD; InternalGains_EPD; InternalGains_OccupantDensity; Zone_CoolingSetpoint; Zone_HeatingSetpoint; HVAC_ComponentEfficiency;
239,1,beagon2020closing,Closing the gap between simulation and measured energy use in home archetypes,2020,Energy Build.,EnergyPlus,nmbe,No,"Dublin,Ireland",Cfb,Building,No,No,No,Manual,expert,Manual,Annual,12,residential,Building_HeatingLoad/Energy,NA,Zone_NaturalVentilation; InternalGains_OccupantSch; InternalGains_LumpedDensity
240,1,sakiyama2020natural,Natural ventilation potential from weather analyses and building simulation,2020,Energy Build.,EnergyPlus,cvrmse; nmbe; gof,No,"Chambery,France",Cfb,Building,No,No,No,Automated,high; int; evidence; uq,Sampling,Hourly,<1,testbed,Zone_DryBulbTemperature;,Envelope_SurfaceTemperature; Zone_AirSpeed; Zone_AirPressure; Zone_RelativeHumidity,Envelope_MaterialProperties; Zone_OutdoorAir
243,1,chen2020automatic,Automatic and rapid calibration of urban building energy models by learning from energy performance database,2020,Appl. Energy,EnergyPlus,gof,No,"San Francisco,USA",Csb,Urban,No,No,No,Automated,expert; parred,Sampling,Annual,12,office,Building_Electricity; Building_Gas/Steam,NA,InternalGains_OccupantDensity; InternalGains_LPD; InternalGains_EPD; Geometry_WWR; Envelope_MaterialProperties; Envelope_InfiltrationRate; Zone_CoolingSetpoint; HVAC_ComponentEfficiency; Zone_OutdoorAir; InternalGains_LightsSch; InternalGains_EquipmentSch; InternalGains_OccupantSch;
244,1,kristensen2020long,Long-term forecasting of hourly district heating loads in urban areas using hierarchical archetype modeling,2020,Energy,RC,cvrmse; nmbe; mape,Yes,"Aarhus,Denmark",Cfb,Urban,No,Global,Screening_Morris,Automated,high; expert; uq; sa; parred,Bayesian,Hourly,24,residential,Building_HeatingLoad/Energy,Weather_DryBulbTemp; Weather_SolarRadiation,Envelope_MaterialProperties; Zone_NaturalVentilation; InternalGains_OccupantDensity; Zone_HeatingSetpoint; Envelope_InfiltrationRate; HotWater_Usage; Envelope_CHTC; Geometry_Geometry; HotWater_WaterTemperature
245,1,zhang2020development,Development of the heating load prediction model for the residential building of district heating based on model calibration,2020,Energy,TRNSYS,cvrmse,No,"Shijiazhuang,China",BSk,Building,No,Global,Screening_Morris,Automated,high; sa,Optimization,Hourly,3,residential,Building_HeatingLoad/Energy,System_HVACSupplyWaterTemperature; System_HVACReturnWaterTemperature; HVAC_FluidFlowRate; Zone_DryBulbTemp; Weather_RelativeHumidity; Weather_DryBulbTemp; Weather_SolarRadiation;,Envelope_MaterialProperties
247,1,tardioli2020methodology,A methodology for calibration of building energy models at district scale using clustering and surrogate techniques,2020,Energy Build.,EnergyPlus,rmse; mape; r2,Yes,"Geneva,Switzerland",Cfb,Urban,linear regression; svm; ann; random forest,No,No,Automated,expert; uq,Bayesian,Monthly,12,residential/mixed/commercial/services,Building_TotalLoad/Energy,NA,InternalGains_OccupantDensity; InternalGains_LPD; Envelope_InfiltrationRate; Zone_HeatingSetpoint; HotWater_Usage; HVAC_ComponentEfficiency
252,1,tuysuz2020calibrating,Calibrating the building energy model with the short term monitored data: A case study of a large-scale residential building,2020,Energy Build.,TRNSYS,cvrmse; nmbe,No,"Kartal,Turkey",Csa,Building,No,Local,Perturbation_OAT,Automated,evidence; sa,Optimization,Monthly,12,residential/mixed/commercial/services,Building_Electricity; Building_HeatingLoad/Energy; Building_CoolingLoad/Energy,NA,Envelope_MaterialProperties; Envelope_InfiltrationRate; Zone_CoolingSetpoint; Zone_HeatingSetpoint;
253,NA,guyot2020building,Building energy model calibration: A detailed case study using sub-hourly measured data,2020,Energy Build.,EnergyPlus,cvrmse; nmbe,No,NA,NA,Building,No,No,No,Manual,high; audit; evidence,Manual,NA,NA,NA,NA,NA,NA
254,1,jain2020cross,Cross-sectoral assessment of the performance gap using calibrated building energy performance simulation,2020,Energy Build.,EnergyPlus,cvrmse; nmbe,No,"Somerset/London/Bristol/London,UK",Cfb,Building,No,No,No,Manual,evidence,Manual,Monthly,12,office/educational/hospital/residential,Building_Electricity; Building_Gas/Steam,Envelope_MaterialProperties; Zone_DryBulbTemp; Zone_CO2; Zone_PM2.5;,NA
255,1,kantehsakiliba2020energy,The Energy Performance and Techno-Economic Analysis of Zero Energy Bill Homes,2020,Energy Build.,EnergyPlus,rmse,Yes,"Corby,England",Cfb,Component / System,No,No,No,Manual,high,Manual,Hourly,<1,residential,Building_Electricity; Component_HVACEnergy;,NA,NA
261,1,Ha2020parameter,Parameter Calibration for a TRNSYS BIPV Model Using In Situ Test Data,2020,energies,TRNSYS,pe,No,"Incheon,South Korea",Dfa,Building,linear regression,Local,Perturbation_OAT,Automated,sa; stem,Optimization,Monthly,12,NA,Component_HVACEnergy,Zone_DryBulbTemp; Component_HVACInletTemperature,HVAC_ComponentRatedFlowRate; Weather_SkyEmissivity; HVAC_ComponentMaterialProperties;
261,2,Ha2020parameter,Parameter Calibration for a TRNSYS BIPV Model Using In Situ Test Data,2020,energies,TRNSYS,pe,No,"Incheon,South Korea",Dfa,Building,linear regression,Local,Perturbation_OAT,Automated,sa; stem,Optimization,Hourly,<1,NA,HVAC_ComponentTemperature; Component_HVACEnergy,Zone_DryBulbTemp; Component_HVACInletTemperature,HVAC_ComponentRatedFlowRate; Weather_SkyEmissivity; HVAC_ComponentMaterialProperties;
22,1,allard2018energy,Energy evaluation of residential buildings: Performance gap analysis incorporating uncertainties in the evaluation methods,2018,Build. Simul.,IDA,cvrmse; pe,No,"Umea,Sweden",Dfc,Component / System,No,Local,Perturbation_OAT,Manual,sa; sig,Manual,Daily,4,residential,Building_HeatingLoad/Energy; Building_EquipmentElectricity; Envelope_MaterialProperties,InternalGains_OccupantDensity; HVAC_ComponentEfficiency; Zone_Ventilation; InternalGains_EPD; Envelope_ExfiltrationRate; HotWater_Energy,Zone_NaturalVentilation;  Geometry_WindowOpening; HotWater_HeatLossCoeffient; InternalGains_EPD; InternalGains_OccupantDensity; Zone_DryBulbTemperature; Envelope_MaterialProperties
24,1,schreiber2018predicting,Predicting performance of adsorption thermal energy storage: From experiments to validated dynamic models,2018,Appl. Therm. Eng.,RC,nmbe; cvrmse,No,"NA,NA",NA,Building,No,No,No,Automated,int,Optimization,Hourly,<1,residential,HVAC_FluidPressure; HVAC_FluidTemperature; HVAC_HeatFlowRate,HVAC_FluidFlowRate; HVAC_FluidTemperature;,HVAC_ComponentCoefficient;
44,1,escandon2017assessment,On the assessment of the energy performance and environmental behaviour of social housing stock for the adjustment between simulated and measured data: The case of mild winters in the Mediterranean climate of southern Europe,2017,Energy Build.,EnergyPlus,rmse; rnrmse,No,"NA,Spain",NA,Building,No,No,No,Manual,audit,Manual,Hourly,1,residential,Building_Electricity,Envelope_InfiltrationRate; Zone_CO2; Zone_DryBulbTemp; Weather_DryBulbTemp; Weather_SolarRadiation; ; Weather_WindDirection; Weather_WindSpeed; Weather_RelativeHumidity,Zone_NaturalVentilation
45,1,cornaro2017energy,Energy performance analysis of STILE house at the Solar Decathlon 2015: Lessons learned,2017,J. Build. Eng.,IDA,r2; rmse; pe,Yes,"Irvine,USA; Cartersville,USA; Rome,Italy; Palermo,Italy; Madrid,Spain; Copenhagen,Denmark; Paris,France",Csa; Cfa; Cfb,Component / System,No,No,No,Manual,base,Manual,Hourly,<1,testbed,Building_TotalLoad/Energy; Zone_DryBulbTemperature,Weather_DryBulbTemp,Zone_CoolingSetpoint; Zone_HeatingSetpoint
79,1,johnson2016calibration,The calibration and validation of a model for predicting the performance of gas-fired tankless water heaters in domestic hot water applications,2016,Appl. Energy,FirstOrder,nmbe; cvrmse; gof,Yes,"Ottawa,Canada",Dfb,Building,No,Local,Perturbation_OAT,Manual,sa; int,Manual,Sub-hourly,<1,lab,Component_HVACEnergy;,HVAC_ComponentPressure; HVAC_FluidFlowRate; HVAC_FluidTemperature;,HotWater_HeatLossCoeffient; HVAC_HeatInputRate; HVAC_ComponentEfficiency; HVAC_ComponentCapacity
92,1,giuliani2016modeling,Modelling and calibration of a high-mass historic building for reducing the prebound effect in energy assessment,2016,Energy Build.,EnergyPlus,mbe; cvrmse,No,"Bologna,Italy",Cfa,Building,linear regression,Global,Screening_Morris,Automated,sa; base; audit; high,Sampling,Hourly,<1,office,Zone_DryBulbTemperature; Zone_SurfaceTemperature,NA,Envelope_MaterialProperties;
96,1,zibin2016automatic,Automatic assisted calibration tool for coupling building automation system trend data with commissioning,2016,Autom. Constr.,DOE-2,nmbe; cvrmse,No,"Montreal,Canada",Dfa,Building,No,No,No,Automated,high; evidence; sig; stem,NA,Hourly,<1,lab,Zone_SupplyAirFlowRate; HVAC_ComponentEfficiency,Zone_SupplyAirTemperature; Zone_HumiditySetpoint; HVAC_FluidTemperature; Zone_ReheatSetpoint; HVAC_ComponentEfficiency; Zone_SupplyAirFlowRatio; Zone_OutdoorAirFlowRatio; HVAC_ComponentCoefficient,Zone_SupplyAirTemperature; Zone_HumiditySetpoint; HVAC_FluidTemperature; Zone_ReheatSetpoint; HVAC_ComponentEfficiency; Zone_SupplyAirFlowRatio; Zone_OutdoorAirFlowRatio; HVAC_ComponentCoefficient
106,1,ascione2015energy,Energy retrofit of an educational building in the ancient center of Benevento. Feasibility study of energy savings and respect of the historical value,2015,Energy Build.,EnergyPlus,NA,No,"Benevento,Italy",Csa,Building,No,No,No,Manual,audit,Manual,Monthly,12,educational,Building_Electricity,NA,NA
107,1,monetti2015impact,Impact of low investment strategies for space heating control: Application of thermostatic radiators valves to an old residential building,2015,Energy Build.,EnergyPlus,sae,No,"Turin,Italy",Cfb,Building,No,No,No,Manual,audit; parred,Manual,Hourly,<1,residential,Building_HeatingLoad/Energy;,HVAC_FluidFlowRate; Zone_OutdoorAir; HVAC_FluidTemperature;,Zone_HeatingSetpoint; HVAC_SizingFactor
110,1,garrett2015scalable,Scalable tuning of building models to hourly data,2015,Energy,EnergyPlus,r2; rmse; maximum deviation,Yes,"Oak Ridge,USA",Cfa,Component / System,No,No,No,Automated,expert; high,Optimization,Hourly,11,testbed,Building_Electricity,NA,NA
113,1,carlon2015experimental,Experimental validation of a thermodynamic boiler model under steady state and dynamic conditions,2015,Appl. Energy,TRNSYS,nmbe; cvrmse,No,"Wieselburg,Austria",Cfb,Building,No,No,No,Manual,int,Manual,Hourly,<1,lab,Component_HVACEnergy; Component_HVACTemperature,HVAC_FluidFlowRate; HVAC_FluidTemperature; Zone_DryBulbTemp; Zone_RelativeHumidity; Zone_AirPressure,Component_HVACOutletTemperature; Component_HVACExcessAirRatio;
188,1,ye2019methodology,A methodology to create prototypical building energy models for existing buildings: A case study on U.S. religious worship buildings,2019,Energy Build.,EnergyPlus,NA,No,"Miami,USA; Houston,USA; Phoenix,USA; Atlanta,USA; El Paso,USA; San Francisco,USA; Baltimore,USA; Albuquerque,USA; Seattle,USA; Chicago,USA; Denver,USA; Minneapolis,USA; Helena,USA; Duluth,USA; Fairbanks,USA",Am; BWh; Cfa; BWk; Csb; BSk; Dfa; Dfb; Dfc,Building,svm,No,No,Automated,expert; parred,Optimization,Hourly,NA,religious,NA,NA,InternalGains_EPD; InternalGains_LPD; HVAC_ComponentEfficiency; Envelope_MaterialProperties
189,1,taylor2019multi,A multi-scale calibration approach for process-oriented aggregated building energy demand models,2019,Energy Build.,EnergyPlus,pe,Yes,"Washington,USA; Oregon,USA; California,USA; Idaho,USA; Montana,USA; Colorado,USA; Wyoming,USA; Nevada,USA; Utah,USA; New Mexico,USA; Arizona,USA",Csb; Bsk; BWk,Urban,LOESS regression,No,No,Manual,expert; parred,Manual,Monthly,24,commercial/residential,Building_TotalLoad/Energy,Weather_DryBulbTemp;,InternalGains_LightsSch; InternalGains_EquipmentSch; InternalGains_OccupantSch; HVAC_OperationSch
206,1,larochellemartin2019energy,Energy calibration of HVAC sub-system model using sensitivity analysis and meta-heuristic optimization,2019,Energy Build.,EnergyPlus,nmbe; cvrmse; gof; rmse,Yes,"Montreal,Canada",Dfa,Component / System,No,Global,Screening_Morris,Automated,sa; high,Optimization,Hourly,1,NA,System_HVACSupplyAirTemperature; Component_HVACEnergy,System_HVACMixedAirTemperature,HVAC_ComponentEfficiency; HVAC_ComponentCoefficient; HVAC_ComponentPressure
214,1,tian2019investigation,Investigation on transient energy consumption of cold storages: Modeling and a case study,2019,Energy,RC,cvrmse; nmbe; r2; rnrmse,No,"Beijing,China",Dwa,Building,No,No,No,Automated,sig,Optimization,Hourly,6,cold sotrage,Building_TotalLoad/Energy; InternalMass_CoolingLoad/Energy,Zone_RelativeHumidity; Weather_DryBulbTemp;,Envelope_MaterialProperties
216,1,martinez2020model,Model calibration and exergoeconomic optimization with NSGA-II applied to a residential cogeneration,2020,Appl. Therm. Eng.,TRNSYS,cvrmse,No,"Vitoria,Spain",Cfb,Component / System,No,Global,Screening_Morris,Automated,sa,Optimization,Hourly,<1,residential,Building_Gas/Steam; Component_HVACOutletTemperature; Component_HVACInletTemperature,NA,HVAC_ComponentEfficiency; HVAC_ComponentNominalPower; HVAC_FluidFlowRate; HVAC_FluidTemperature; HotWater_HeatLossCoeffient; HotWater_TankVolume; HVAC_ComponentCoeffient
219,1,ferrara2020optimizing,Optimizing the transition between design and operation of ZEBs: Lessons learnt from the Solar Decathlon China 2018 SCUTxPoliTo prototype,2020,Energy Build.,TRNSYS,cvrmse; nmbe,Yes,"Guangzhou,China; Dezhou,China",Cfa; BSk,Building,linear regression,Global,Screening_Morris,Automated,sa; base,Optimization,Hourly,<1,testbed,Zone_DryBulbTemperature,Weather_WindSpeed; Weather_DryBulbTemp; Weather_SolarRadiation; Weather_RelativeHumidity,Zone_NaturalVentilation; Envelope_MaterialProperties; Zone_HeatCapacity; Geometry_WWR
219,2,ferrara2020optimizing,Optimizing the transition between design and operation of ZEBs: Lessons learnt from the Solar Decathlon China 2018 SCUTxPoliTo prototype,2020,Energy Build.,TRNSYS,cvrmse; nmbe,Yes,"Guangzhou,China; Dezhou,China",Cfa; BSk,Building,linear regression,Global,Screening_Morris,Automated,sa; base,Optimization,Hourly,<1,testbed,Zone_DryBulbTemperature,Weather_WindSpeed; Weather_DryBulbTemp; Weather_SolarRadiation; Weather_RelativeHumidity,Envelope_MaterialProperties; Envelope_InfiltrationRate; Geometry_WWR; Envelope_CHTC
222,1,odonovan2019predicting,"Predicting air temperatures in a naturally ventilated nearly zero energy building: Calibration, validation, analysis and approaches",2019,Appl. Energy,TRNSYS,cvrmse; nmbe,Yes,"Cork,Ireland",Cfb,Building,No,No,No,Manual,evidence; high,Manual,Hourly,1.5,testbed,Zone_DryBulbTemperature,InternalGains_Occupancy,InternalGains_OccupantSch; Geometry_WindowOpening
224,1,rouchier2019sequential,Sequential Monte Carlo for on-line parameter estimation of a lumped building energy model,2019,Energy Build.,RC,residual,Yes,"Almeria,Spain",BSk,Building,No,No,No,Automated,high; stem; uq,Bayesian,Hourly,<1,testbed,Zone_DryBulbTemperature;,HVAC_OutdoorAirTemperature; Weather_SolarRadiation; Building_HeatingLoad/Energy,Envelope_MaterialProperties; Envelope_SurfaceTemperature; Geometry_WWR
229,1,krayem2019urban,Urban energy modeling and calibration of a coastal Mediterranean city: The case of Beirut,2019,Energy Build.,EnergyPlus,rmse,NA,"Beirut,Lebanon",Csa,Urban,No,No,No,Manual,expert; parred,Manual,Monthly,12,residential/mixed/hospital/school/office,Building_Electricity;,NA,InternalGains_OccupantSch; InternalGains_EPD; InternalGains_LPD; InternalGains_EquipmentSch; InternalGains_LightsSch